Location_ID,Location_ID_Int,Location_REF1_Code,Location_REF1_Name,Location_REF2_Code,Location_REF2_Name,Location_REF3_Code,Location_REF3_Name,Location_REF4_Code,Location_REF4_Name,Location_REF5_Code,Location_REF5_Name,Location_Area_Manager_Name,Location_Area_Code,Location_Channel_Name,Location_Store_Grade,Location_Internal_ID,Location_Datasource_Code,Location_Code,Location_Name,Location_Code_Name,Location_Username,Is_Online_Sales_Store,Is_Online_Returns_Store,Warehouse_Buwahaha_Code,Warehouse_Buwahaha_Name,Location_Suburb,Location_Postcode,Location_Currency_Code,Location_Currency_Name
153,153,15,Heneral Luna,1,Aheheh,NULL,NULL,NULL,NULL,NSW,NEW SOUTH WALES,NULL,NULL,NULL,NULL,1,AP21_KoreKorek,ADS_Main,ADS_Main,ADS_Main ADS_Main,Aheheh-015.s,N,N,W,Warehouse,NULL,NULL,AZZ,AACCNN Dollar
1941,1941,15,Heneral Luna,1,Aheheh,NULL,NULL,NULL,NULL,NSW,NEW SOUTH WALES,NULL,NULL,NULL,NULL,2,AP21_KoreKorek,ADS_Seconds,Seconds Warehouse,ADS_Seconds Seconds Warehouse,NULL,N,N,W,Warehouse,NULL,NULL,AZZ,AACCNN Dollar
3601,3601,15,Heneral Luna,1,Aheheh,NULL,NULL,NULL,NULL,NULL,NULL,NULL,NULL,NULL,NULL,3,AP21_KoreKorek,zRaw Materials,Raw Materials,zRaw Materials Raw Materials,NULL,N,N,W,Warehouse,NULL,NULL,AZZ,AACCNN Dollar
4761,4761,113,Chadstone Aheheh,1,Aheheh,Buwahaha Aheheh AU,Buwahaha Aheheh AU,A,A,VIC,VICTORIA,VIC SA WA - Lara Whelan,VIC SA WA,Buwahaha,B,4,AP21_KoreKorek,AhehehAU113_CHADST,Chadstone Aheheh,AhehehAU113_CHADST Chadstone Aheheh,Aheheh-113.s,N,N,R,Buwahaha,Chadstone,3148,AZZ,AACCNN Dollar
5021,5021,15,Heneral Luna,1,Aheheh,NULL,NULL,NULL,NULL,NSW,NEW SOUTH WALES,NULL,NULL,NULL,NULL,5,AP21_KoreKorek,ADS_Faulty,ADS_Faulty,ADS_Faulty ADS_Faulty,NULL,N,N,W,Warehouse,NULL,NULL,AZZ,AACCNN Dollar
5022,5022,15,Heneral Luna,1,Aheheh,Main,Main,NULL,NULL,NSW,NEW SOUTH WALES,NULL,NULL,NULL,NULL,6,AP21_KoreKorek,EWE_AAReg,EWE_Athletica Regular,EWE_AAReg EWE_Athletica Regular,NULL,N,N,W,Warehouse,NULL,NULL,AZZ,AACCNN Dollar
5023,5023,15,Heneral Luna,1,Aheheh,Main,Main,NULL,NULL,NSW,NEW SOUTH WALES,NULL,NULL,NULL,NULL,7,AP21_KoreKorek,ADS_QC,ADS_QC (Steam),ADS_QC ADS_QC (Steam),NULL,N,N,W,Warehouse,NULL,NULL,AZZ,AACCNN Dollar
5024,5024,15,Heneral Luna,1,Aheheh,NULL,NULL,NULL,NULL,NSW,NEW SOUTH WALES,NULL,NULL,NULL,NULL,8,AP21_KoreKorek,EWE_Aged,EWE_Aged Inventory,EWE_Aged EWE_Aged Inventory,NULL,N,N,W,Warehouse,NULL,NULL,AZZ,AACCNN Dollar
5025,5025,15,Heneral Luna,1,Aheheh,Main,Main,NULL,NULL,NSW,NEW SOUTH WALES,NULL,NULL,NULL,NULL,9,AP21_KoreKorek,EWE_Returns,EWE_Returns,EWE_Returns EWE_Returns,NULL,N,N,W,Warehouse,NULL,NULL,AZZ,AACCNN Dollar
5026,5026,15,Heneral Luna,1,Aheheh,NULL,NULL,NULL,NULL,NSW,NEW SOUTH WALES,NULL,NULL,NULL,NULL,10,AP21_KoreKorek,QS_Faulty,QS_Faulty,QS_Faulty QS_Faulty,NULL,N,N,W,Warehouse,NULL,NULL,AZZ,AACCNN Dollar
5027,5027,15,Heneral Luna,1,Aheheh,Main,Main,NULL,NULL,NSW,NEW SOUTH WALES,NULL,NULL,NULL,NULL,11,AP21_KoreKorek,QS_Aheheh,QS_Aheheh,QS_Aheheh QS_Aheheh,NULL,N,N,W,Warehouse,NULL,NULL,AZZ,AACCNN Dollar
5028,5028,15,Heneral Luna,1,Aheheh,Main,Main,NULL,NULL,NULL,NULL,NULL,NULL,NULL,NULL,12,AP21_KoreKorek,QS_Main,QS_Main,QS_Main QS_Main,NULL,N,N,W,Warehouse,NULL,NULL,AZZ,AACCNN Dollar
5029,5029,302,Chatswood Athletica,1,Aheheh,Buwahaha AA AU,Buwahaha Athletica AU,C,C,NSW,NEW SOUTH WALES,Athletica - Kim Elali,Athletica,Buwahaha,C,13,AP21_KoreKorek,AAAU302_CHATSWD,Chatswood Athletica,AAAU302_CHATSWD Chatswood Athletica,Aheheh-302.s,N,N,R,Buwahaha,Chatswood,2067,AZZ,AACCNN Dollar
5043,5043,5,Online AU,1,Aheheh,Online AU,Online AU,NULL,NULL,NULL,NULL,Online,Online,Online,A,14,AP21_KoreKorek,Online AU,Online AU Store,Online AU Online AU Store,Aheheh-005.s,Y,N,R,Buwahaha,NULL,NULL,AZZ,AACCNN Dollar
5044,5044,6,Online NZ,2,Aheheh NZ,Online NZ,Online NZ,NULL,NULL,NULL,NULL,Online,Online,Online,A,15,AP21_KoreKorek,Online NZ,Online NZ Store,Online NZ Online NZ Store,Aheheh-006.s,Y,N,R,Buwahaha,NULL,NULL,LOL,LOL Dollar
5045,5045,7,Online ROW,1,Aheheh,Online ROW,Online ROW,NULL,NULL,NULL,NULL,Online,Online,Online,A,16,AP21_KoreKorek,Online ROW,Online ROW Store,Online ROW Online ROW Store,Aheheh-007.s,Y,N,R,Buwahaha,NULL,NULL,USD,United States Dollar
5448,5448,15,Heneral Luna,1,Aheheh,NULL,NULL,NULL,NULL,NULL,NULL,NULL,NULL,NULL,NULL,17,AP21_KoreKorek,Sample,Sample,Sample Sample,NULL,N,N,W,Warehouse,NULL,NULL,AZZ,AACCNN Dollar
6566,6566,301,Karrinyup Athletica,1,Aheheh,Buwahaha AA AU,Buwahaha Athletica AU,C,C,WA,WESTERN AUSTRALIA,Athletica - Kim Elali,Athletica,Buwahaha,C,18,AP21_KoreKorek,AAAU301_KARRINY,Karrinyup Athletica,AAAU301_KARRINY Karrinyup Athletica,Aheheh-301.s,N,N,R,Buwahaha,Karrinyup,6018,AZZ,AACCNN Dollar
6567,6567,302,Chatswood Athletica,1,Aheheh,Buwahaha AA AU,Buwahaha Athletica AU,C,C,NSW,NEW SOUTH WALES,NULL,NULL,NULL,NULL,19,AP21_KoreKorek,zAAAU_02,Chatswood Athletica,zAAAU_02 Chatswood Athletica,NULL,N,N,W,Warehouse,NULL,NULL,AZZ,AACCNN Dollar
6568,6568,303,Sydney City Athletica,1,Aheheh,Buwahaha AA AU,Buwahaha Athletica AU,C,C,NSW,NEW SOUTH WALES,Athletica - Kim Elali,Athletica,Buwahaha,C,20,AP21_KoreKorek,AAAU303_SYDCITY,Sydney City Athletica,AAAU303_SYDCITY Sydney City Athletica,Aheheh-303.s,N,N,R,Buwahaha,Sydney,2000,AZZ,AACCNN Dollar
6569,6569,304,Pacific Fair Athletica,1,Aheheh,Buwahaha AA AU,Buwahaha Athletica AU,C,C,QLD,QUEENSLAND,Athletica - Jasmine Richards,Athletica,Buwahaha,C,21,AP21_KoreKorek,AAAU304_PACFAIR,Pacific Fair Athletica,AAAU304_PACFAIR Pacific Fair Athletica,Aheheh-304.s,N,N,R,Buwahaha,Broadbeach,4218,AZZ,AACCNN Dollar
6570,6570,203,Newmarket Athletica,2,Aheheh NZ,Buwahaha AA NZ,Buwahaha Athletica NZ,C,C,NZ,LOL,Athletica - Jasmine Richards,Athletica,Buwahaha,C,22,AP21_KoreKorek,AANZ203_NEWMRKT,Newmarket Athletica,AANZ203_NEWMRKT Newmarket Athletica,Aheheh-203.s,N,N,R,Buwahaha,Newmarket,1023,LOL,LOL Dollar
6571,6571,102,Bondi Aheheh,1,Aheheh,Buwahaha Aheheh AU,Buwahaha Aheheh AU,A,A,NSW,NEW SOUTH WALES,NSW - Jaimee Sands,NSW,Buwahaha,B,23,AP21_KoreKorek,AhehehAU102_BONDI,Bondi Aheheh,AhehehAU102_BONDI Bondi Aheheh,Aheheh-102.s,N,N,R,Buwahaha,Bondi Junction,2022,AZZ,AACCNN Dollar
6572,6572,103,Strand Arcade Aheheh,1,Aheheh,Buwahaha Aheheh AU,Buwahaha Aheheh AU,C,C,NSW,NEW SOUTH WALES,NSW - Jaimee Sands,NSW,Buwahaha,B,24,AP21_KoreKorek,AhehehAU103_STRAND,Strand Arcade Aheheh,AhehehAU103_STRAND Strand Arcade Aheheh,Aheheh-103.s,N,N,R,Buwahaha,Sydney,2000,AZZ,AACCNN Dollar
6573,6573,104,Sydney City Aheheh,1,Aheheh,Buwahaha Aheheh AU,Buwahaha Aheheh AU,C,C,NSW,NEW SOUTH WALES,NSW - Jaimee Sands,NSW,Buwahaha,B,25,AP21_KoreKorek,AhehehAU104_SYDCTY,Sydney City Aheheh,AhehehAU104_SYDCTY Sydney City Aheheh,Aheheh-104.s,N,N,R,Buwahaha,Sydney,2000,AZZ,AACCNN Dollar
6574,6574,105,Macquarie Centre Aheheh,1,Aheheh,Buwahaha Aheheh AU,Buwahaha Aheheh AU,B,B,NSW,NEW SOUTH WALES,NSW - Jaimee Sands,NSW,Buwahaha,B,26,AP21_KoreKorek,AhehehAU105_MACQC,Macquarie Centre Aheheh,AhehehAU105_MACQC Macquarie Centre Aheheh,Aheheh-105.s,N,N,R,Buwahaha,North Ryde,2113,AZZ,AACCNN Dollar
6575,6575,106,Miranda Aheheh,1,Aheheh,Buwahaha Aheheh AU,Buwahaha Aheheh AU,A,A,NSW,NEW SOUTH WALES,NSW - Jaimee Sands,NSW,Buwahaha,B,27,AP21_KoreKorek,AhehehAU106_MIRAND,Miranda Aheheh,AhehehAU106_MIRAND Miranda Aheheh,Aheheh-106.s,N,N,R,Buwahaha,Miranda,2228,AZZ,AACCNN Dollar
6576,6576,107,Parramatta Aheheh,1,Aheheh,Buwahaha Aheheh AU,Buwahaha Aheheh AU,A,A,NSW,NEW SOUTH WALES,NSW - Jaimee Sands,NSW,Buwahaha,B,28,AP21_KoreKorek,AhehehAU107_PARRA,Parramatta Aheheh,AhehehAU107_PARRA Parramatta Aheheh,Aheheh-107.s,N,N,R,Buwahaha,Parramatta,2150,AZZ,AACCNN Dollar
6577,6577,108,Chatswood Chase Aheheh,1,Aheheh,Buwahaha Aheheh AU,Buwahaha Aheheh AU,B,B,NSW,NEW SOUTH WALES,NSW - Jaimee Sands,NSW,Buwahaha,B,29,AP21_KoreKorek,AhehehAU108_CHATSC,Chatswood Chase Aheheh,AhehehAU108_CHATSC Chatswood Chase Aheheh,Aheheh-108.s,N,N,R,Buwahaha,Chatswood,2067,AZZ,AACCNN Dollar
6578,6578,109,Kotara Aheheh,1,Aheheh,Buwahaha Aheheh AU,Buwahaha Aheheh AU,B,B,NSW,NEW SOUTH WALES,NSW - Jaimee Sands,NSW,Buwahaha,B,30,AP21_KoreKorek,AhehehAU109_KOTARA,Kotara Aheheh,AhehehAU109_KOTARA Kotara Aheheh,Aheheh-109.s,N,N,R,Buwahaha,Kotara,2289,AZZ,AACCNN Dollar
6579,6579,111,Emporium Aheheh,1,Aheheh,Buwahaha Aheheh AU,Buwahaha Aheheh AU,B,B,VIC,VICTORIA,VIC SA WA - Lara Whelan,VIC SA WA,Buwahaha,B,31,AP21_KoreKorek,AhehehAU111_EMPORI,Emporium Aheheh,AhehehAU111_EMPORI Emporium Aheheh,Aheheh-111.s,N,N,R,Buwahaha,Melbourne,3000,AZZ,AACCNN Dollar
6580,6580,112,Doncaster Aheheh,1,Aheheh,Buwahaha Aheheh AU,Buwahaha Aheheh AU,B,B,VIC,VICTORIA,VIC SA WA - Lara Whelan,VIC SA WA,Buwahaha,B,32,AP21_KoreKorek,AhehehAU112_DONCAS,Doncaster Aheheh,AhehehAU112_DONCAS Doncaster Aheheh,Aheheh-112.s,N,N,R,Buwahaha,Doncaster,3108,AZZ,AACCNN Dollar
6581,6581,115,Pacific Fair Aheheh,1,Aheheh,Buwahaha Aheheh AU,Buwahaha Aheheh AU,A,A,QLD,QUEENSLAND,NSW - Jaimee Sands,QLD,Buwahaha,B,33,AP21_KoreKorek,AhehehAU115_PACFAI,Pacific Fair Aheheh,AhehehAU115_PACFAI Pacific Fair Aheheh,Aheheh-115.s,N,N,R,Buwahaha,Broadbeach,4218,AZZ,AACCNN Dollar
6582,6582,116,Queens Plaza Aheheh,1,Aheheh,Buwahaha Aheheh AU,Buwahaha Aheheh AU,A,A,QLD,QUEENSLAND,NSW - Jaimee Sands,QLD,Buwahaha,B,34,AP21_KoreKorek,AhehehAU116_QPLAZA,Queens Plaza Aheheh,AhehehAU116_QPLAZA Queens Plaza Aheheh,Aheheh-116.s,N,N,R,Buwahaha,Brisbane,4000,AZZ,AACCNN Dollar
6583,6583,117,Chermside Aheheh,1,Aheheh,Buwahaha Aheheh AU,Buwahaha Aheheh AU,A,A,QLD,QUEENSLAND,NSW - Jaimee Sands,QLD,Buwahaha,B,35,AP21_KoreKorek,AhehehAU117_CHERMS,Chermside Aheheh,AhehehAU117_CHERMS Chermside Aheheh,Aheheh-117.s,N,N,R,Buwahaha,Chermside,4032,AZZ,AACCNN Dollar
6584,6584,119,Claremont Quarter Aheheh,1,Aheheh,Buwahaha Aheheh AU,Buwahaha Aheheh AU,B,B,WA,WESTERN AUSTRALIA,VIC SA WA - Lara Whelan,VIC SA WA,Buwahaha,A,36,AP21_KoreKorek,AhehehAU119_CLRMTQ,Claremont Quarter Aheheh,AhehehAU119_CLRMTQ Claremont Quarter Aheheh,Aheheh-119.s,N,N,R,Buwahaha,Claremont,6010,AZZ,AACCNN Dollar
6585,6585,120,Karrinyup Aheheh,1,Aheheh,Buwahaha Aheheh AU,Buwahaha Aheheh AU,C,C,WA,WESTERN AUSTRALIA,VIC SA WA - Lara Whelan,VIC SA WA,Buwahaha,A,37,AP21_KoreKorek,AhehehAU120_KARRIN,Karrinyup Aheheh,AhehehAU120_KARRIN Karrinyup Aheheh,Aheheh-120.s,N,N,R,Buwahaha,Karrinyup,6018,AZZ,AACCNN Dollar
6586,6586,202,Newmarket Aheheh,2,Aheheh NZ,Buwahaha Aheheh NZ,Buwahaha Aheheh NZ,C,C,NZ,LOL,VIC SA WA - Lara Whelan,NZ,Buwahaha,A,38,AP21_KoreKorek,AhehehNZ202_NEWMRK,Newmarket Aheheh,AhehehNZ202_NEWMRK Newmarket Aheheh,Aheheh-202.s,N,N,R,Buwahaha,Newmarket,1141,LOL,LOL Dollar
6587,6587,101,Paddington Aheheh,1,Aheheh,Buwahaha Aheheh AU,Buwahaha Aheheh AU,A,A,NSW,NEW SOUTH WALES,NSW - Jaimee Sands,NSW,Buwahaha,B,39,AP21_KoreKorek,AhehehAU101_PADGTN,Paddington Aheheh,AhehehAU101_PADGTN Paddington Aheheh,Aheheh-101.s,N,N,R,Buwahaha,Paddington,2021,AZZ,AACCNN Dollar
6588,6588,110,Armadale Aheheh,1,Aheheh,Buwahaha Aheheh AU,Buwahaha Aheheh AU,C,C,VIC,VICTORIA,VIC SA WA - Lara Whelan,VIC SA WA,Buwahaha,B,40,AP21_KoreKorek,AhehehAU110_ARMADA,Armadale Aheheh,AhehehAU110_ARMADA Armadale Aheheh,Aheheh-110.s,N,N,R,Buwahaha,Armadale,3143,AZZ,AACCNN Dollar
6589,6589,114,Brisbane Aheheh,1,Aheheh,Buwahaha Aheheh AU,Buwahaha Aheheh AU,A,A,QLD,QUEENSLAND,NSW - Jaimee Sands,QLD,Buwahaha,B,41,AP21_KoreKorek,AhehehAU114_BRISBN,James St Aheheh,AhehehAU114_BRISBN James St Aheheh,Aheheh-114.s,N,N,R,Buwahaha,Fortitude Valley,4006,AZZ,AACCNN Dollar
6590,6590,118,Adelaide Aheheh,1,Aheheh,Buwahaha Aheheh AU,Buwahaha Aheheh AU,A,A,SA,SOUTH AUSTRALIA,VIC SA WA - Lara Whelan,VIC SA WA,Buwahaha,B,42,AP21_KoreKorek,AhehehAU118_ADELAI,Adelaide Aheheh,AhehehAU118_ADELAI Adelaide Aheheh,Aheheh-118.s,N,N,R,Buwahaha,Adelaide,5000,AZZ,AACCNN Dollar
6591,6591,201,Commercial Bay Aheheh,2,Aheheh NZ,Buwahaha Aheheh NZ,Buwahaha Aheheh NZ,C,C,NZ,LOL,VIC SA WA - Lara Whelan,NZ,Buwahaha,A,43,AP21_KoreKorek,AhehehNZ201_COMBAY,Commercial Bay Aheheh,AhehehNZ201_COMBAY Commercial Bay Aheheh,Aheheh-201.s,N,N,R,Buwahaha,Auckland,1010,LOL,LOL Dollar
NULL,NULL,NULL,NULL,NULL,NULL,NULL,NULL,NULL,NULL,NULL,NULL,VIC SA WA - Lara Whelan,VIC SA WA,Buwahaha,A,44,LightSpeed_KoreKorek,Chapel Street Melbourne,Chapel Street Melbourne,Chapel Street Melbourne Chapel Street Melbourne,NULL,N,N,,,South Yarra,NULL,AZZ,NULL
NULL,NULL,NULL,NULL,NULL,NULL,NULL,NULL,NULL,NULL,NULL,NULL,Athletica - Kim Elali,Athletica,Buwahaha,C,45,LightSpeed_KoreKorek,Aheheh ATHLETICA Burwood,Aheheh ATHLETICA Burwood,Aheheh ATHLETICA Burwood Aheheh ATHLETICA Burwood,NULL,N,N,,,NULL,NULL,AZZ,NULL
NULL,NULL,NULL,NULL,NULL,NULL,NULL,NULL,NULL,NULL,NULL,NULL,NULL,NULL,NULL,NULL,46,LightSpeed_KoreKorek,Macquarie Center,Macquarie Center,Macquarie Center Macquarie Center,NULL,N,N,,,Ryde ,NULL,AZZ,NULL
NULL,NULL,NULL,NULL,NULL,NULL,NULL,NULL,NULL,NULL,NULL,NULL,NULL,NULL,NULL,NULL,47,LightSpeed_KoreKorek,Chatswood Chase,Chatswood Chase,Chatswood Chase Chatswood Chase,NULL,N,N,,,Chastwood,NULL,AZZ,NULL
NULL,NULL,NULL,NULL,NULL,NULL,NULL,NULL,NULL,NULL,NULL,NULL,NULL,NULL,NULL,NULL,48,LightSpeed_KoreKorek,Adelaide,Adelaide,Adelaide Adelaide,NULL,N,N,,,Adelaide ,NULL,AZZ,NULL
NULL,NULL,NULL,NULL,NULL,NULL,NULL,NULL,NULL,NULL,NULL,NULL,Online,Online,Online,A,49,LightSpeed_KoreKorek,Online Sold,Online Sold,Online Sold Online Sold,NULL,N,N,,,NULL,NULL,AZZ,NULL
NULL,NULL,NULL,NULL,NULL,NULL,NULL,NULL,NULL,NULL,NULL,NULL,NULL,NULL,NULL,NULL,50,LightSpeed_KoreKorek,Contra Account,Contra Account,Contra Account Contra Account,NULL,N,N,,,Paddington,NULL,AZZ,NULL
NULL,NULL,NULL,NULL,NULL,NULL,NULL,NULL,NULL,NULL,NULL,NULL,NULL,NULL,NULL,NULL,51,LightSpeed_KoreKorek,Sydney City,Sydney City,Sydney City Sydney City,NULL,N,N,,,NULL,NULL,AZZ,NULL
NULL,NULL,NULL,NULL,NULL,NULL,NULL,NULL,NULL,NULL,NULL,NULL,NULL,NULL,NULL,NULL,52,LightSpeed_KoreKorek,EWE,EWE,EWE EWE,NULL,N,N,,,NULL,NULL,AZZ,NULL
NULL,NULL,NULL,NULL,NULL,NULL,NULL,NULL,NULL,NULL,NULL,NULL,Athletica - Kim Elali,Athletica,Buwahaha,C,53,LightSpeed_KoreKorek,Aheheh ATHLETICA Karrinyup,Aheheh ATHLETICA Karrinyup,Aheheh ATHLETICA Karrinyup Aheheh ATHLETICA Karrinyup,NULL,N,N,,,NULL,NULL,AZZ,NULL
NULL,NULL,NULL,NULL,NULL,NULL,NULL,NULL,NULL,NULL,NULL,NULL,Athletica - Kim Elali,Athletica,Buwahaha,C,54,LightSpeed_KoreKorek,Aheheh ATHLETICA Sydney City,Aheheh ATHLETICA Sydney City,Aheheh ATHLETICA Sydney City Aheheh ATHLETICA Sydney City,NULL,N,N,,,NULL,NULL,AZZ,NULL
NULL,NULL,NULL,NULL,NULL,NULL,NULL,NULL,NULL,NULL,NULL,NULL,Athletica - Kim Elali,Athletica,Buwahaha,C,55,LightSpeed_KoreKorek,Aheheh ATHLETICA Chatswood,Aheheh ATHLETICA Chatswood,Aheheh ATHLETICA Chatswood Aheheh ATHLETICA Chatswood,NULL,N,N,,,NULL,NULL,AZZ,NULL
NULL,NULL,NULL,NULL,NULL,NULL,NULL,NULL,NULL,NULL,NULL,NULL,Athletica - Jasmine Richards,Athletica,Buwahaha,C,56,LightSpeed_KoreKorek,Aheheh ATHLETICA Pacific Fair,Aheheh ATHLETICA Pacific Fair,Aheheh ATHLETICA Pacific Fair Aheheh ATHLETICA Pacific Fair,NULL,N,N,,,NULL,NULL,AZZ,NULL
NULL,NULL,NULL,NULL,NULL,NULL,NULL,NULL,NULL,NULL,NULL,NULL,NULL,NULL,NULL,NULL,57,LightSpeed_KoreKorek,The Iconic Sold,The Iconic Sold,The Iconic Sold The Iconic Sold,NULL,N,N,,,Paddington,NULL,AZZ,NULL
NULL,NULL,NULL,NULL,NULL,NULL,NULL,NULL,NULL,NULL,NULL,NULL,NULL,NULL,NULL,NULL,58,LightSpeed_KoreKorek,The Iconic,The Iconic,The Iconic The Iconic,NULL,N,N,,,Paddington,NULL,AZZ,NULL
NULL,NULL,NULL,NULL,NULL,NULL,NULL,NULL,NULL,NULL,NULL,NULL,NULL,NULL,NULL,NULL,59,LightSpeed_KoreKorek,Bondi,Bondi,Bondi Bondi,NULL,N,N,,,NULL,NULL,AZZ,NULL
NULL,NULL,NULL,NULL,NULL,NULL,NULL,NULL,NULL,NULL,NULL,NULL,Online,Online,Online,A,60,LightSpeed_KoreKorek,Online Returns,Online Returns,Online Returns Online Returns,NULL,N,N,,,NULL,NULL,AZZ,NULL
NULL,NULL,NULL,NULL,NULL,NULL,NULL,NULL,NULL,NULL,NULL,NULL,NULL,NULL,NULL,NULL,61,LightSpeed_KoreKorek,Parramatta,Parramatta,Parramatta Parramatta,NULL,N,N,,,NULL,NULL,AZZ,NULL
NULL,NULL,NULL,NULL,NULL,NULL,NULL,NULL,NULL,NULL,NULL,NULL,NULL,NULL,NULL,NULL,62,LightSpeed_KoreKorek,Kotara,Kotara,Kotara Kotara,NULL,N,N,,,Kotara,NULL,AZZ,NULL
NULL,NULL,NULL,NULL,NULL,NULL,NULL,NULL,NULL,NULL,NULL,NULL,NULL,NULL,NULL,NULL,63,LightSpeed_KoreKorek,Daigou,Daigou,Daigou Daigou,NULL,N,N,,,Paddington,NULL,AZZ,NULL
NULL,NULL,NULL,NULL,NULL,NULL,NULL,NULL,NULL,NULL,NULL,NULL,NULL,NULL,NULL,NULL,64,LightSpeed_KoreKorek,Sydney City,Sydney City,Sydney City Sydney City,NULL,N,N,,,Sydney,NULL,AZZ,NULL
NULL,NULL,NULL,NULL,NULL,NULL,NULL,NULL,NULL,NULL,NULL,NULL,NULL,NULL,NULL,NULL,65,LightSpeed_KoreKorek,Karrinyup,Karrinyup,Karrinyup Karrinyup,NULL,N,N,,,Karrinyup,NULL,AZZ,NULL
NULL,NULL,NULL,NULL,NULL,NULL,NULL,NULL,NULL,NULL,NULL,NULL,NULL,NULL,NULL,NULL,66,LightSpeed_KoreKorek,Repairs,Repairs,Repairs Repairs,NULL,N,N,,,Paddington,NULL,AZZ,NULL
NULL,NULL,NULL,NULL,NULL,NULL,NULL,NULL,NULL,NULL,NULL,NULL,NULL,NULL,NULL,NULL,67,LightSpeed_KoreKorek,Pacific Fair,Pacific Fair,Pacific Fair Pacific Fair,NULL,N,N,,,Broadbeach,NULL,AZZ,NULL
NULL,NULL,NULL,NULL,NULL,NULL,NULL,NULL,NULL,NULL,NULL,NULL,NULL,NULL,NULL,NULL,68,LightSpeed_KoreKorek,Ecommerce Boutique,Ecommerce Boutique,Ecommerce Boutique Ecommerce Boutique,NULL,N,N,,,SURRY HILLS,NULL,AZZ,NULL
NULL,NULL,NULL,NULL,NULL,NULL,NULL,NULL,NULL,NULL,NULL,NULL,NULL,NULL,NULL,NULL,69,LightSpeed_KoreKorek,Miranda,Miranda,Miranda Miranda,NULL,N,N,,,Miranda,NULL,AZZ,NULL
NULL,NULL,NULL,NULL,NULL,NULL,NULL,NULL,NULL,NULL,NULL,NULL,NULL,NULL,NULL,NULL,70,LightSpeed_KoreKorek,Emporium,Emporium,Emporium Emporium,NULL,N,N,,,Melbourne,NULL,AZZ,NULL
NULL,NULL,NULL,NULL,NULL,NULL,NULL,NULL,NULL,NULL,NULL,NULL,NULL,NULL,NULL,NULL,71,LightSpeed_KoreKorek,Claremont Quarter,Claremont Quarter,Claremont Quarter Claremont Quarter,NULL,N,N,,,Claremont Quarter ,NULL,AZZ,NULL
NULL,NULL,NULL,NULL,NULL,NULL,NULL,NULL,NULL,NULL,NULL,NULL,NULL,NULL,NULL,NULL,72,LightSpeed_KoreKorek,Wardrobe/PR,Wardrobe/PR,Wardrobe/PR Wardrobe/PR,NULL,N,N,,,Paddington,NULL,AZZ,NULL
NULL,NULL,NULL,NULL,NULL,NULL,NULL,NULL,NULL,NULL,NULL,NULL,NULL,NULL,NULL,NULL,73,LightSpeed_KoreKorek,Faulty,Faulty,Faulty Faulty,NULL,N,N,,,Paddington,NULL,AZZ,NULL
NULL,NULL,NULL,NULL,NULL,NULL,NULL,NULL,NULL,NULL,NULL,NULL,NULL,NULL,NULL,NULL,74,LightSpeed_KoreKorek,PR,PR,PR PR,NULL,N,N,,,Paddington,NULL,AZZ,NULL
NULL,NULL,NULL,NULL,NULL,NULL,NULL,NULL,NULL,NULL,NULL,NULL,NULL,NULL,NULL,NULL,75,LightSpeed_KoreKorek,Buwahaha Wardrobe,Buwahaha Wardrobe,Buwahaha Wardrobe Buwahaha Wardrobe,NULL,N,N,,,Paddington,NULL,AZZ,NULL
NULL,NULL,NULL,NULL,NULL,NULL,NULL,NULL,NULL,NULL,NULL,NULL,NULL,NULL,NULL,NULL,76,LightSpeed_KoreKorek,Doncaster,Doncaster,Doncaster Doncaster,NULL,N,N,,,NULL,NULL,AZZ,NULL
NULL,NULL,NULL,NULL,NULL,NULL,NULL,NULL,NULL,NULL,NULL,NULL,NULL,NULL,NULL,NULL,77,LightSpeed_KoreKorek,Queens Plaza,Queens Plaza,Queens Plaza Queens Plaza,NULL,N,N,,,Brisbane,NULL,AZZ,NULL
NULL,NULL,NULL,NULL,NULL,NULL,NULL,NULL,NULL,NULL,NULL,NULL,Warehouse Sale,Warehouse Sale,Buwahaha,A,78,LightSpeed_KoreKorek,Warehouse Sale,Warehouse Sale,Warehouse Sale Warehouse Sale,NULL,N,N,,,Paddington,NULL,AZZ,NULL
NULL,NULL,NULL,NULL,NULL,NULL,NULL,NULL,NULL,NULL,NULL,NULL,NULL,NULL,NULL,NULL,79,LightSpeed_KoreKorek,Chadstone,Chadstone,Chadstone Chadstone,NULL,N,N,,,Chadstone,NULL,AZZ,NULL
NULL,NULL,NULL,NULL,NULL,NULL,NULL,NULL,NULL,NULL,NULL,NULL,NULL,NULL,NULL,NULL,80,LightSpeed_KoreKorek,Pre Orders,Pre Orders,Pre Orders Pre Orders,NULL,N,N,,,Paddington,NULL,AZZ,NULL
NULL,NULL,NULL,NULL,NULL,NULL,NULL,NULL,NULL,NULL,NULL,NULL,NSW - Jaimee Sands,QLD,Buwahaha,A,81,LightSpeed_KoreKorek,Sunshine Plaza,Sunshine Plaza,Sunshine Plaza Sunshine Plaza,NULL,N,N,,,Maroochydore,NULL,AZZ,NULL
NULL,NULL,NULL,NULL,NULL,NULL,NULL,NULL,NULL,NULL,NULL,NULL,NULL,NULL,NULL,NULL,82,LightSpeed_KoreKorek,Chermside,Chermside,Chermside Chermside,NULL,N,N,,,Hamilton,NULL,AZZ,NULL
NULL,NULL,NULL,NULL,NULL,NULL,NULL,NULL,NULL,NULL,NULL,NULL,NULL,NULL,NULL,NULL,83,LightSpeed_KoreKorek,ADS,ADS,ADS ADS,NULL,N,N,,,Potts Point,NULL,AZZ,NULL
NULL,NULL,NULL,NULL,NULL,NULL,NULL,NULL,NULL,NULL,NULL,NULL,NULL,NULL,NULL,NULL,84,LightSpeed_KoreKorek,Brisbane,Brisbane,Brisbane Brisbane,NULL,N,N,,,Fortitude Valley,NULL,AZZ,NULL
NULL,NULL,NULL,NULL,NULL,NULL,NULL,NULL,NULL,NULL,NULL,NULL,NULL,NULL,NULL,NULL,85,LightSpeed_KoreKorek,MLC,MLC,MLC MLC,NULL,N,N,,,Sydney,NULL,AZZ,NULL
NULL,NULL,NULL,NULL,NULL,NULL,NULL,NULL,NULL,NULL,NULL,NULL,NULL,NULL,NULL,NULL,86,LightSpeed_KoreKorek,Potts Point,Potts Point,Potts Point Potts Point,NULL,N,N,,,Potts Point,NULL,AZZ,NULL
NULL,NULL,NULL,NULL,NULL,NULL,NULL,NULL,NULL,NULL,NULL,NULL,NULL,NULL,NULL,NULL,87,LightSpeed_KoreKorek,Web,Web,Web Web,NULL,N,N,,,NULL,NULL,AZZ,NULL
NULL,NULL,NULL,NULL,NULL,NULL,NULL,NULL,NULL,NULL,NULL,NULL,NULL,NULL,NULL,NULL,88,LightSpeed_KoreKorek,High Street Melbourne,High Street Melbourne,High Street Melbourne High Street Melbourne,NULL,N,N,,,Armadale,NULL,AZZ,NULL
NULL,NULL,NULL,NULL,NULL,NULL,NULL,NULL,NULL,NULL,NULL,NULL,NULL,NULL,NULL,NULL,89,LightSpeed_KoreKorek,Paddington,Paddington,Paddington Paddington,NULL,N,N,,,PADDINGTON,NULL,AZZ,NULL
NULL,NULL,NULL,NULL,NULL,NULL,NULL,NULL,NULL,NULL,NULL,NULL,Online,Online,Online,A,90,LightSpeed_KoreKorek,ONLINE ORDERS ONLY,ONLINE ORDERS ONLY,ONLINE ORDERS ONLY ONLINE ORDERS ONLY,NULL,N,N,,,NULL,NULL,AZZ,NULL
NULL,NULL,NULL,NULL,NULL,NULL,NULL,NULL,NULL,NULL,NULL,NULL,NULL,NULL,NULL,NULL,91,LightSpeed_KoreKorek,The Strand,The Strand,The Strand The Strand,NULL,N,N,,,NULL,NULL,AZZ,NULL
NULL,NULL,NULL,NULL,NULL,NULL,NULL,NULL,NULL,NULL,NULL,NULL,NULL,NULL,NULL,NULL,92,LightSpeed_KoreKorek,Melbourne Store,Melbourne Store,Melbourne Store Melbourne Store,NULL,N,N,,,Melbourne,NULL,AZZ,NULL
NULL,NULL,NULL,NULL,NULL,NULL,NULL,NULL,NULL,NULL,NULL,NULL,NULL,NULL,NULL,NULL,93,LightSpeed_KoreKorek,Shopify,Shopify,Shopify Shopify,NULL,N,N,,,NULL,NULL,AZZ,NULL
6807,6807,15,Heneral Luna,1,Aheheh,Main,Main,NULL,NULL,NULL,NULL,NULL,NULL,NULL,NULL,94,AP21_KoreKorek,EWE_Faulty,EWE_Faulty,EWE_Faulty EWE_Faulty,Aheheh-000.s,N,N,W,Warehouse,NULL,NULL,AZZ,AACCNN Dollar
7221,7221,305,Parramatta Athletica,1,Aheheh,Buwahaha AA AU,Buwahaha Athletica AU,A,A,NSW,NEW SOUTH WALES,Athletica - Kim Elali,Athletica,Buwahaha,C,95,AP21_KoreKorek,AAAU305_PARRA,Parramatta Athletica,AAAU305_PARRA Parramatta Athletica,Aheheh-305.s,N,N,R,Buwahaha,Parramatta,2150,AZZ,AACCNN Dollar
7222,7222,306,Bondi Athletica,1,Aheheh,Buwahaha AA AU,Buwahaha Athletica AU,A,A,NSW,NEW SOUTH WALES,Athletica - Kim Elali,Athletica,Buwahaha,C,96,AP21_KoreKorek,AAAU306_BONDI,Bondi Athletica,AAAU306_BONDI Bondi Athletica,Aheheh-306.s,N,N,R,Buwahaha,Bondi Junction,2022,AZZ,AACCNN Dollar
7223,7223,308,Burwood Athletica,1,Aheheh,Buwahaha AA AU,Buwahaha Athletica AU,A,A,NSW,NEW SOUTH WALES,Athletica - Kim Elali,Athletica,Buwahaha,C,97,AP21_KoreKorek,AAAU308_BURWOOD,Burwood Athletica,AAAU308_BURWOOD Burwood Athletica,Aheheh-308.s,N,N,R,Buwahaha,Burwood,2134,AZZ,AACCNN Dollar
7224,7224,307,Indooroopilly Athletica,1,Aheheh,Buwahaha AA AU,Buwahaha Athletica AU,A,A,QLD,QUEENSLAND,Athletica - Jasmine Richards,Athletica,Buwahaha,C,98,AP21_KoreKorek,AAAU307_INDRO,Indooroopilly Athletica,AAAU307_INDRO Indooroopilly Athletica,Aheheh-307.s,N,N,R,Buwahaha,Indooroopilly,4068,AZZ,AACCNN Dollar
NULL,NULL,NULL,NULL,NULL,NULL,NULL,NULL,NULL,NULL,NULL,NULL,Athletica - Kim Elali,Athletica,Buwahaha,C,99,LightSpeed_KoreKorek,Aheheh ATHLETICA Parramatta,Aheheh ATHLETICA Parramatta,Aheheh ATHLETICA Parramatta Aheheh ATHLETICA Parramatta,NULL,N,N,,,Parramatta,NULL,AZZ,NULL
NULL,NULL,NULL,NULL,NULL,NULL,NULL,NULL,NULL,NULL,NULL,NULL,Athletica - Jasmine Richards,Athletica,Buwahaha,C,100,LightSpeed_KoreKorek,Aheheh ATHLETICA Indooroopilly,Aheheh ATHLETICA Indooroopilly,Aheheh ATHLETICA Indooroopilly Aheheh ATHLETICA Indooroopilly,NULL,N,N,,,NULL,NULL,AZZ,NULL
NULL,NULL,NULL,NULL,NULL,NULL,NULL,NULL,NULL,NULL,NULL,NULL,Athletica - Kim Elali,Athletica,Buwahaha,C,101,LightSpeed_KoreKorek,Aheheh ATHLETICA Bondi,Aheheh ATHLETICA Bondi,Aheheh ATHLETICA Bondi Aheheh ATHLETICA Bondi,NULL,N,N,,,NULL,NULL,AZZ,NULL
7243,7243,15,Heneral Luna,1,Aheheh,NULL,NULL,NULL,NULL,NULL,NULL,NULL,NULL,NULL,NULL,102,AP21_KoreKorek,QS_InTransTemp,QS Temporary In Transit Warehouse GoLive,QS_InTransTemp QS Temporary In Transit Warehouse GoLive,NULL,N,N,W,Warehouse,NULL,NULL,AZZ,AACCNN Dollar
7244,7244,15,Heneral Luna,1,Aheheh,NULL,NULL,NULL,NULL,NULL,NULL,NULL,NULL,NULL,NULL,103,AP21_KoreKorek,ADS_InTransit,ADS Temporary In Transit WarehouseGoLive,ADS_InTransit ADS Temporary In Transit WarehouseGoLive,NULL,N,N,W,Warehouse,NULL,NULL,AZZ,AACCNN Dollar
7264,7264,15,Heneral Luna,1,Aheheh,NULL,NULL,NULL,NULL,NULL,NULL,NULL,NULL,NULL,NULL,104,AP21_KoreKorek,HeadOffice,Head Office (Internal),HeadOffice Head Office (Internal),NULL,N,N,W,Warehouse,NULL,NULL,AZZ,AACCNN Dollar
7367,7367,15,Heneral Luna,1,Aheheh,NULL,NULL,NULL,NULL,NULL,NULL,NULL,NULL,NULL,NULL,105,AP21_KoreKorek,DO NOT USE,QS Returns Warehouse,DO NOT USE QS Returns Warehouse,NULL,N,N,W,Warehouse,NULL,NULL,AZZ,AACCNN Dollar
7401,7401,15,Heneral Luna,1,Aheheh,NULL,NULL,NULL,NULL,NULL,NULL,NULL,NULL,NULL,NULL,109,AP21_KoreKorek,EWE_InTransit,EWE Temp In Transit Warehouse GoLive,EWE_InTransit EWE Temp In Transit Warehouse GoLive,NULL,N,N,W,Warehouse,NULL,NULL,AZZ,AACCNN Dollar
7438,7438,15,Heneral Luna,1,Aheheh,Main,Main,NULL,NULL,NULL,NULL,NULL,NULL,NULL,NULL,110,AP21_KoreKorek,PRGifting,PR/Gifting,PRGifting PR/Gifting,NULL,N,N,W,Warehouse,NULL,NULL,AZZ,AACCNN Dollar
7439,7439,15,Heneral Luna,1,Aheheh,Main,Main,NULL,NULL,NULL,NULL,NULL,NULL,NULL,NULL,111,AP21_KoreKorek,WardrobeBuwahaha,Wardrobe - Buwahaha,WardrobeBuwahaha Wardrobe - Buwahaha,NULL,N,N,W,Warehouse,NULL,NULL,AZZ,AACCNN Dollar
7760,7760,5,Online AU,1,Aheheh,Online AU,Online AU,NULL,NULL,NULL,NULL,NULL,NULL,NULL,NULL,112,AP21_KoreKorek,F2D AU,F2D AU Store,F2D AU F2D AU Store,NULL,N,N,R,Buwahaha,NULL,NULL,AZZ,AACCNN Dollar
7782,7782,6,Online NZ,2,Aheheh NZ,Online NZ,Online NZ,NULL,NULL,NULL,NULL,NULL,NULL,NULL,NULL,113,AP21_KoreKorek,F2D NZ,F2D NZ Store,F2D NZ F2D NZ Store,NULL,N,N,R,Buwahaha,NULL,NULL,LOL,LOL Dollar
8061,8061,15,Heneral Luna,1,Aheheh,Buwahaha Test,Buwahaha Test,NULL,NULL,NULL,NULL,NULL,NULL,NULL,NULL,114,AP21_KoreKorek,AhehehAU_HQPOS,Head Office POS,AhehehAU_HQPOS Head Office POS,NULL,N,N,R,Buwahaha,NULL,NULL,AZZ,AACCNN Dollar
2,2,NULL,NULL,NULL,NULL,NULL,NULL,NULL,NULL,NULL,NULL,NULL,NULL,NULL,NULL,106,Shopify_AU,Shopify_AU,Shopify AU,Shopify_AU Shopify AU,NULL,N,N,,,NULL,NULL,AZZ,NULL
4,4,NULL,NULL,NULL,NULL,NULL,NULL,NULL,NULL,NULL,NULL,NULL,NULL,NULL,NULL,107,Shopify_NZ,Shopify_NZ,Shopify NZ,Shopify_NZ Shopify NZ,NULL,N,N,,,NULL,NULL,LOL,NULL
5,5,NULL,NULL,NULL,NULL,NULL,NULL,NULL,NULL,NULL,NULL,NULL,NULL,NULL,NULL,108,Shopify_ROW,Shopify_ROW,Shopify Rest of World,Shopify_ROW Shopify Rest of World,NULL,N,N,,,NULL,NULL,USD,NULL
8141,8141,311,Carindale Athletica,1,Aheheh,Buwahaha AA AU,Buwahaha Athletica AU,C,C,QLD,QUEENSLAND,Athletica - Jasmine Richards,Athletica,Buwahaha,B,115,AP21_KoreKorek,AAAU311_CARIN,Carindale Athletica,AAAU311_CARIN Carindale Athletica,Aheheh-311.s,N,N,R,Buwahaha,Carindale,4152,AZZ,AACCNN Dollar
8147,8147,309,Miranda Athletica,1,Aheheh,Buwahaha AA AU,Buwahaha Athletica AU,B,B,NSW,NEW SOUTH WALES,Athletica - Kim Elali,Athletica,Buwahaha,A,116,AP21_KoreKorek,AAAU309_MIRAN,Miranda Athletica,AAAU309_MIRAN Miranda Athletica,Aheheh-309.s,N,N,R,Buwahaha,Miranda,2228,AZZ,AACCNN Dollar
8148,8148,310,Macquarie Centre Athletica,1,Aheheh,Buwahaha AA AU,Buwahaha Athletica AU,B,B,NSW,NEW SOUTH WALES,Athletica - Kim Elali,Athletica,Buwahaha,B,117,AP21_KoreKorek,AAAU310_MACQU,Macquarie Centre Athletica,AAAU310_MACQU Macquarie Centre Athletica,Aheheh-310.s,N,N,R,Buwahaha,Macquarie Park,2113,AZZ,AACCNN Dollar
8662,8662,121,Noosa Aheheh,1,Aheheh,Buwahaha Aheheh AU,Buwahaha Aheheh AU,NULL,NULL,QLD,QUEENSLAND,NSW - Jaimee Sands,QLD,Buwahaha,C,118,AP21_KoreKorek,AhehehAU121_NOOSA,Noosa Aheheh,AhehehAU121_NOOSA Noosa Aheheh,Aheheh-121.s,N,N,R,Buwahaha,Noosa Heads,4567,AZZ,AACCNN Dollar
8902,8902,313,Chermside Athletica,1,Aheheh,Buwahaha AA AU,Buwahaha Athletica AU,NULL,NULL,QLD,QUEENSLAND,Athletica - Jasmine Richards,Athletica,Buwahaha,B,119,AP21_KoreKorek,AAAU313_CHERM,Chermside Athletica,AAAU313_CHERM Chermside Athletica,Aheheh-313.s,N,N,R,Buwahaha,Chermside,4032,AZZ,AACCNN Dollar
8941,8941,122,Southland Aheheh,1,Aheheh,Buwahaha Aheheh AU,Buwahaha Aheheh AU,B,B,VIC,VICTORIA,VIC SA WA - Lara Whelan,VIC SA WA,Buwahaha,B,120,AP21_KoreKorek,AhehehAU122_SOUTHL,Southland Aheheh,AhehehAU122_SOUTHL Southland Aheheh,Aheheh-122.s,N,N,R,Buwahaha,Cheltenham,3192,AZZ,AACCNN Dollar
9141,9141,312,Adelaide Athletica,1,Aheheh,Buwahaha AA AU,Buwahaha Athletica AU,C,C,SA,SOUTH AUSTRALIA,Athletica - Jasmine Richards,Athletica,Buwahaha,B,129,AP21_KoreKorek,AAAU312_ADELAI,Adelaide Athletica,AAAU312_ADELAI Adelaide Athletica,Aheheh-312.s,N,N,R,Buwahaha,Adelaide,5000,AZZ,AACCNN Dollar
NULL,NULL,NULL,NULL,NULL,NULL,NULL,NULL,NULL,NULL,NULL,NULL,NULL,NULL,NULL,NULL,121,LightSpeed_NZ,Main Outlet,Main Outlet,Main Outlet Main Outlet,NULL,N,N,,,NULL,NULL,LOL,NULL
NULL,NULL,NULL,NULL,NULL,NULL,NULL,NULL,NULL,NULL,NULL,NULL,NULL,NULL,NULL,NULL,122,LightSpeed_NZ,Newmarket,Newmarket,Newmarket Newmarket,NULL,N,N,,,Newmarket,NULL,LOL,NULL
NULL,NULL,NULL,NULL,NULL,NULL,NULL,NULL,NULL,NULL,NULL,NULL,NULL,NULL,NULL,NULL,123,LightSpeed_NZ,Admin,Admin,Admin Admin,NULL,N,N,,,Paddington,NULL,LOL,NULL
NULL,NULL,NULL,NULL,NULL,NULL,NULL,NULL,NULL,NULL,NULL,NULL,NULL,NULL,NULL,NULL,124,LightSpeed_NZ,Commercial Bay,Commercial Bay,Commercial Bay Commercial Bay,NULL,N,N,,,Auckland,NULL,LOL,NULL
NULL,NULL,NULL,NULL,NULL,NULL,NULL,NULL,NULL,NULL,NULL,NULL,NULL,NULL,NULL,NULL,125,LightSpeed_NZ,Wardrobe/PR,Wardrobe/PR,Wardrobe/PR Wardrobe/PR,NULL,N,N,,,NULL,NULL,LOL,NULL
NULL,NULL,NULL,NULL,NULL,NULL,NULL,NULL,NULL,NULL,NULL,NULL,NULL,NULL,NULL,NULL,126,LightSpeed_NZ,Online Orders,Online Orders,Online Orders Online Orders,NULL,N,N,,,Newmarket,NULL,LOL,NULL
NULL,NULL,NULL,NULL,NULL,NULL,NULL,NULL,NULL,NULL,NULL,NULL,NULL,NULL,NULL,NULL,127,LightSpeed_NZ,Faulty,Faulty,Faulty Faulty,NULL,N,N,,,Newmarket,NULL,LOL,NULL
NULL,NULL,NULL,NULL,NULL,NULL,NULL,NULL,NULL,NULL,NULL,NULL,NULL,NULL,NULL,NULL,128,LightSpeed_NZ,Aheheh ATHLETICA Newmarket,Aheheh ATHLETICA Newmarket,Aheheh ATHLETICA Newmarket Aheheh ATHLETICA Newmarket,NULL,N,N,,,Newmarket,NULL,LOL,NULL
9261,9261,123,Highpoint Aheheh,1,Aheheh,Buwahaha Aheheh AU,Buwahaha Aheheh AU,NULL,NULL,VIC,VICTORIA,VIC SA WA - Lara Whelan,VIC SA WA,Buwahaha,B,130,AP21_KoreKorek,AhehehAU123_HIGHPO,Highpoint Aheheh,AhehehAU123_HIGHPO Highpoint Aheheh,Aheheh-123.s,N,N,R,Buwahaha,Maribyrnong,3032,AZZ,AACCNN Dollar
9262,9262,314,Highpoint Athletica,1,Aheheh,Buwahaha AA AU,Buwahaha Athletica AU,NULL,NULL,VIC,VICTORIA,Athletica - Jasmine Richards,Athletica,Buwahaha,B,131,AP21_KoreKorek,AAAU314_HIGHPO,Highpoint Athletica,AAAU314_HIGHPO Highpoint Athletica,Aheheh-314.s,N,N,R,Buwahaha,Maribyrnong,3032,AZZ,AACCNN Dollar
9601,9601,400,Warehouse Sale ,1,Aheheh,WAREHOUSESALE,WHS_AU,NULL,NULL,NSW,NEW SOUTH WALES,Warehouse Sale,Warehouse Sale,Buwahaha,A,132,AP21_KoreKorek,Whse_Sale,Warehouse Sale,Whse_Sale Warehouse Sale,Aheheh-400.s,N,N,R,Buwahaha,NULL,NULL,AZZ,AACCNN Dollar
9801,9801,318,Brighton Athletica,1,Aheheh,Buwahaha AA AU,Buwahaha Athletica AU,NULL,NULL,VIC,VICTORIA,NULL,NULL,NULL,NULL,133,AP21_KoreKorek,AAAU318_BRIGHT,Brighton Athletica,AAAU318_BRIGHT Brighton Athletica,Aheheh-318.s,N,N,R,Buwahaha,Maribyrnong,3032,AZZ,AACCNN Dollar
9941,9941,317,Doncaster Athletica,1,Aheheh,Buwahaha AA AU,Buwahaha Athletica AU,NULL,NULL,VIC,VICTORIA,Athletica - Jasmine Richards,Athletica,Buwahaha,B,134,AP21_KoreKorek,AAAU317_DONCAS,Doncaster Athletica,AAAU317_DONCAS Doncaster Athletica,Aheheh-317.s,N,N,R,Buwahaha,Doncaster,3108,AZZ,AACCNN Dollar
10264,10264,15,Heneral Luna,1,Aheheh,NULL,NULL,NULL,NULL,NULL,NULL,NULL,NULL,NULL,NULL,135,AP21_KoreKorek,AllowanceHO,Allowance - Head Office,AllowanceHO Allowance - Head Office,NULL,N,N,W,Warehouse,NULL,NULL,AZZ,AACCNN Dollar
10265,10265,15,Heneral Luna,1,Aheheh,Main,Main,NULL,NULL,NULL,NULL,NULL,NULL,NULL,NULL,136,AP21_KoreKorek,AllowanceBuwahaha,Allowance - Buwahaha,AllowanceBuwahaha Allowance - Buwahaha,NULL,N,N,W,Warehouse,NULL,NULL,AZZ,AACCNN Dollar
10601,10601,501,Online Ikkari,1,Aheheh,Online IkkariAU,Online IkkariAU,NULL,NULL,NULL,NULL,Online,Online,Online,A,137,AP21_KoreKorek,Online IkkariAU,Online Ikkari AU Store,Online IkkariAU Online Ikkari AU Store,Aheheh-501.s,N,N,R,Buwahaha,NULL,NULL,AZZ,AACCNN Dollar
10661,10661,15,Heneral Luna,1,Aheheh,NULL,NULL,NULL,NULL,NSW,NEW SOUTH WALES,NULL,NULL,NULL,NULL,138,AP21_KoreKorek,FDM_IK_Main,FDM Ikkari Main,FDM_IK_Main FDM Ikkari Main,NULL,N,N,W,Warehouse,NULL,NULL,AZZ,AACCNN Dollar
10662,10662,15,Heneral Luna,1,Aheheh,NULL,NULL,NULL,NULL,NSW,NEW SOUTH WALES,NULL,NULL,NULL,NULL,139,AP21_KoreKorek,FDM_IK_QA,FDM Ikkari QA,FDM_IK_QA FDM Ikkari QA,NULL,N,N,W,Warehouse,NULL,NULL,AZZ,AACCNN Dollar
10985,10985,124,Indooroopilly Aheheh,1,Aheheh,Buwahaha Aheheh AU,Buwahaha Aheheh AU,NULL,NULL,QLD,QUEENSLAND,NSW - Jaimee Sands,QLD,Buwahaha,C,140,AP21_KoreKorek,AhehehAU124_INDOOR,Indooroopilly Aheheh,AhehehAU124_INDOOR Indooroopilly Aheheh,Aheheh-124.s,N,N,R,Buwahaha,Indooroopilly,4068,AZZ,AACCNN Dollar
11141,11141,15,Heneral Luna,1,Aheheh,Main,Main,NULL,NULL,NULL,NULL,NULL,NULL,NULL,NULL,141,AP21_KoreKorek,DJWardrobe,David Jones Wardrobe,DJWardrobe David Jones Wardrobe,NULL,N,N,W,Warehouse,NULL,NULL,AZZ,AACCNN Dollar
11369,11369,15,Heneral Luna,1,Aheheh,NULL,NULL,NULL,NULL,NSW,NEW SOUTH WALES,NULL,NULL,NULL,NULL,142,AP21_KoreKorek,FDM_IK_RawMat,FDM  Ikkari Raw Materials,FDM_IK_RawMat FDM  Ikkari Raw Materials,NULL,N,N,W,Warehouse,NULL,NULL,AZZ,AACCNN Dollar
11370,11370,15,Heneral Luna,1,Aheheh,Main,Main,NULL,NULL,NULL,NULL,NULL,NULL,NULL,NULL,143,AP21_KoreKorek,FDM_IK_Seconds,FDM  Ikkari Seconds,FDM_IK_Seconds FDM  Ikkari Seconds,NULL,N,N,W,Warehouse,NULL,NULL,AZZ,AACCNN Dollar
11441,11441,15,Heneral Luna,1,Aheheh,Main,Main,NULL,NULL,NULL,NULL,NULL,NULL,NULL,NULL,144,AP21_KoreKorek,CSHK_Main,CSHK_Main,CSHK_Main CSHK_Main,NULL,N,N,W,Warehouse,NULL,NULL,AZZ,AACCNN Dollar
12221,12221,15,Heneral Luna,1,Aheheh,Main,Main,NULL,NULL,NULL,NULL,NULL,NULL,NULL,NULL,145,AP21_KoreKorek,CSHK_Returns,CSHK_Returns,CSHK_Returns CSHK_Returns,NULL,N,N,W,Warehouse,NULL,NULL,AZZ,AACCNN Dollar
12241,12241,15,Heneral Luna,1,Aheheh,Main,Main,NULL,NULL,NULL,NULL,NULL,NULL,NULL,NULL,146,AP21_KoreKorek,Ikkari Testers,Ikkari Buwahaha Tester Write Off Warehouse,Ikkari Testers Ikkari Buwahaha Tester Write Off Warehouse,Aheheh-000.s,N,N,W,Warehouse,NULL,NULL,AZZ,AACCNN Dollar
12262,12262,15,Heneral Luna,1,Aheheh,Main,Main,NULL,NULL,NULL,NULL,NULL,NULL,NULL,NULL,147,AP21_KoreKorek,IkkariHQ,Ikkari Head Office,IkkariHQ Ikkari Head Office,NULL,N,N,W,Warehouse,NULL,NULL,AZZ,AACCNN Dollar
12701,12701,15,Heneral Luna,1,Aheheh,Main,Main,NULL,NULL,NULL,NULL,NULL,NULL,NULL,NULL,148,AP21_KoreKorek,CSL 3PL,CSL 3PL,CSL 3PL CSL 3PL,NULL,N,N,W,Warehouse,NULL,NULL,AZZ,AACCNN Dollar
12822,12822,15,Heneral Luna,1,Aheheh,Main,Main,NULL,NULL,NULL,NULL,NULL,NULL,NULL,NULL,149,AP21_KoreKorek,CSL 3PL_Returns,CSL 3PL_Returns,CSL 3PL_Returns CSL 3PL_Returns,NULL,N,N,W,Warehouse,NULL,NULL,AZZ,AACCNN Dollar
12861,12861,605,Online AA AU,1,Aheheh,Online AA ANZ,Online AA ANZ,NULL,NULL,NULL,NULL,Online,Online,Online,A,150,AP21_KoreKorek,Online AAAU,Online Ath AU,Online AAAU Online Ath AU,Aheheh-605.s,N,N,R,Buwahaha,NULL,NULL,AZZ,AACCNN Dollar
12883,12883,5,Online AU,1,Aheheh,Online AA ANZ,Online AA ANZ,NULL,NULL,NULL,NULL,NULL,NULL,NULL,NULL,151,AP21_KoreKorek,Online AAROW2,Online Athleteica ROW,Online AAROW2 Online Athleteica ROW,NULL,N,N,W,Warehouse,NULL,NULL,AZZ,AACCNN Dollar
13467,13467,9,International Wholesale,7,Aheheh US OpCo LLC,Main,Main,NULL,NULL,EXPORT - USA/CA,EXPORT - USA/CANADA,NULL,NULL,NULL,NULL,152,AP21_KoreKorek,US SwapTo WHSE,US Swap Virtual Warehouse,US SwapTo WHSE US Swap Virtual Warehouse,Aheheh-009.s,N,N,W,Warehouse,NULL,NULL,USD,United States Dollar
13721,13721,607,Online AA ROW,1,Aheheh,Online AA ROW,Online AA ROW,NULL,NULL,NULL,NULL,Online,Online,Online,A,153,AP21_KoreKorek,Online AAROW,Online Ath ROW,Online AAROW Online Ath ROW,Aheheh-607.s,N,N,R,Buwahaha,NULL,NULL,USD,United States Dollar
13861,13861,606,Online AA NZ,2,Aheheh NZ,Online AA ANZ,Online AA ANZ,NULL,NULL,NULL,NULL,Online,Online,Online,A,154,AP21_KoreKorek,Online AANZ,Online Ath NZ,Online AANZ Online Ath NZ,Aheheh-606.s,N,N,R,Buwahaha,NULL,NULL,LOL,LOL Dollar
14701,14701,15,Heneral Luna,1,Aheheh,NULL,NULL,NULL,NULL,NULL,NULL,NULL,NULL,NULL,NULL,155,AP21_KoreKorek,Ik_NaturalBeaut,Ikkari_NaturalBeauty Care,Ik_NaturalBeaut Ikkari_NaturalBeauty Care,NULL,N,N,W,Warehouse,NULL,NULL,AZZ,AACCNN Dollar
14702,14702,15,Heneral Luna,1,Aheheh,NULL,NULL,NULL,NULL,NULL,NULL,NULL,NULL,NULL,NULL,156,AP21_KoreKorek,Ik_TheAllNatur,Ikkari_TheAllNaturalCompany,Ik_TheAllNatur Ikkari_TheAllNaturalCompany,NULL,N,N,W,Warehouse,NULL,NULL,AZZ,AACCNN Dollar
14703,14703,15,Heneral Luna,1,Aheheh,NULL,NULL,NULL,NULL,NULL,NULL,NULL,NULL,NULL,NULL,157,AP21_KoreKorek,Ik_ConceptLabs,Ikkari_ConceptLabs,Ik_ConceptLabs Ikkari_ConceptLabs,NULL,N,N,W,Warehouse,NULL,NULL,AZZ,AACCNN Dollar
16101,16101,503,Sydney City Ikkari,1,Aheheh,Buwahaha Ikkari,Buwahaha Ikkari,NULL,NULL,NSW,NEW SOUTH WALES,Ikkari - Ellen Frankcombe,NSW,Buwahaha,C,158,AP21_KoreKorek,IKK503_POPUP,Sydney City Popup Ikkari,IKK503_POPUP Sydney City Popup Ikkari,Aheheh-503.s,N,N,R,Buwahaha,Sydney,2000,AZZ,AACCNN Dollar
16122,16122,319,Brisbane DFO Outlet Athletica,1,Aheheh,Buwahaha AA AU,Buwahaha Athletica AU,NULL,NULL,QLD,QUEENSLAND,Athletica - Jasmine Richards,Athletica,Clearance,C,159,AP21_KoreKorek,AAAU319_BRDFO,Brisbane DFO Athletica,AAAU319_BRDFO Brisbane DFO Athletica,Aheheh-319.s,N,N,R,Buwahaha,Brisbane Airport,4008,AZZ,AACCNN Dollar
